{
  "assoc_receipt": {
    "name": "Association Receipt – Casablanca",
    "name_ar": "وصل الإيداع – الدار البيضاء",
    "template_version": "1.0",
    "required_fields": [
      "title.fr",
      "title.ar",
      "header.commune.fr",
      "body.association_name.fr",
      "body.receipt_no",
      "body.date.fr"
    ],
    "regions": {
      "title": {
        "fr": { "x": 0.08, "y": 0.08, "w": 0.84, "h": 0.08, "lang": "french", "psm": 7, "dpi": 300 },
        "ar": { "x": 0.08, "y": 0.16, "w": 0.84, "h": 0.09, "lang": "arabic", "psm": 7, "dpi": 300, "preserve_spaces": true }
      },
      "header": {
        "commune.fr": { "x": 0.08, "y": 0.26, "w": 0.40, "h": 0.06, "lang": "french", "psm": 7, "dpi": 300 },
        "commune.ar": { "x": 0.52, "y": 0.26, "w": 0.40, "h": 0.06, "lang": "arabic", "psm": 7, "dpi": 300, "preserve_spaces": true }
      },
      "body": {
        "association_name.fr": { "x": 0.10, "y": 0.45, "w": 0.80, "h": 0.08, "lang": "french", "psm": 7, "scale": 1.25 },
        "association_name.ar": { "x": 0.10, "y": 0.54, "w": 0.80, "h": 0.08, "lang": "arabic", "psm": 7, "scale": 1.25, "preserve_spaces": true },
        "receipt_no":           { "x": 0.10, "y": 0.64, "w": 0.40, "h": 0.07, "lang": "french", "psm": 7, "dpi": 300, "scale": 1.35, "whitelist": "0123456789/-", "preserve_spaces": true },
        "date.fr":              { "x": 0.55, "y": 0.64, "w": 0.35, "h": 0.07, "lang": "french", "psm": 7 }
      },
      "footer": {}
    }
  },

  "certificat_residence": {
    "name": "Certificat de Résidence",
    "name_ar": "شهادة السكنى",
    "template_version": "2.0",
    "regions": {
      "header": {
        "kingdom":   { "x": 0.4, "y": 0.1, "w": 0.2, "h": 0.05 },
        "ministry":  { "x": 0.35, "y": 0.15, "w": 0.3, "h": 0.05 },
        "prefecture":{ "x": 0.3, "y": 0.2, "w": 0.4, "h": 0.05 }
      },
      "title": {
        "fr": { "x": 0.35, "y": 0.3, "w": 0.3, "h": 0.06 },
        "ar": { "x": 0.35, "y": 0.36, "w": 0.3, "h": 0.06 }
      },
      "content": {
        "main_text": { "x": 0.1, "y": 0.45, "w": 0.8, "h": 0.3 },
        "signature": { "x": 0.6, "y": 0.8, "w": 0.3, "h": 0.15 },
        "stamp":     { "x": 0.65, "y": 0.75, "w": 0.2, "h": 0.2 }
      }
    },
    "required_fields": ["full_name", "cin", "address", "issue_date"]
  },

  "attestation_administrative": {
    "name": "Attestation Administrative",
    "name_ar": "شهادة إدارية",
    "template_version": "2.0",
    "regions": {
      "header": {
        "kingdom":   { "x": 0.4, "y": 0.1, "w": 0.2, "h": 0.05 },
        "ministry":  { "x": 0.35, "y": 0.15, "w": 0.3, "h": 0.05 },
        "prefecture":{ "x": 0.3, "y": 0.2, "w": 0.4, "h": 0.05 }
      },
      "title": {
        "fr": { "x": 0.35, "y": 0.3, "w": 0.3, "h": 0.06 },
        "ar": { "x": 0.35, "y": 0.36, "w": 0.3, "h": 0.06 }
      },
      "content": {
        "main_text": { "x": 0.1, "y": 0.45, "w": 0.8, "h": 0.3 },
        "signature": { "x": 0.6, "y": 0.8, "w": 0.3, "h": 0.15 },
        "stamp":     { "x": 0.65, "y": 0.75, "w": 0.2, "h": 0.2 }
      }
    },
    "required_fields": ["full_name", "cin", "purpose", "issue_date"]
  },

  "autorisation_construction": {
    "name": "Autorisation de Construction",
    "name_ar": "رخصة البناء",
    "template_version": "2.0",
    "regions": {
      "header": {
        "kingdom":   { "x": 0.4, "y": 0.1, "w": 0.2, "h": 0.05 },
        "ministry":  { "x": 0.35, "y": 0.15, "w": 0.3, "h": 0.05 },
        "prefecture":{ "x": 0.3, "y": 0.2, "w": 0.4, "h": 0.05 }
      },
      "permit_details": {
        "number": { "x": 0.1, "y": 0.3, "w": 0.3, "h": 0.05 },
        "date":   { "x": 0.5, "y": 0.3, "w": 0.3, "h": 0.05 }
      },
      "property_info": {
        "address":    { "x": 0.1, "y": 0.4, "w": 0.8, "h": 0.1 },
        "title_deed": { "x": 0.1, "y": 0.5, "w": 0.4, "h": 0.05 }
      },
      "specifications": {
        "area": { "x": 0.1, "y": 0.6, "w": 0.3, "h": 0.05 },
        "type": { "x": 0.5, "y": 0.6, "w": 0.3, "h": 0.05 }
      },
      "approval": {
        "signature": { "x": 0.6, "y": 0.8, "w": 0.3, "h": 0.15 },
        "stamp":     { "x": 0.65, "y": 0.75, "w": 0.2, "h": 0.2 }
      }
    },
    "required_fields": [
      "permit_number", "issue_date", "property_address",
      "title_deed_number", "area", "construction_type"
    ]
  },

  "extrait_naissance": {
    "name": "Extrait de Naissance",
    "name_ar": "نسخة موجزة من رسم الولادة",
    "template_version": "2.0",
    "regions": {
      "header": {
        "kingdom":  { "x": 0.4, "y": 0.1, "w": 0.2, "h": 0.05 },
        "ministry": { "x": 0.35, "y": 0.15, "w": 0.3, "h": 0.05 }
      },
      "registry_info": {
        "year":   { "x": 0.1, "y": 0.25, "w": 0.2, "h": 0.05 },
        "number": { "x": 0.4, "y": 0.25, "w": 0.2, "h": 0.05 }
      },
      "personal_info": {
        "name":        { "x": 0.1, "y": 0.35, "w": 0.8, "h": 0.05 },
        "birth_date":  { "x": 0.1, "y": 0.45, "w": 0.4, "h": 0.05 },
        "birth_place": { "x": 0.1, "y": 0.55, "w": 0.4, "h": 0.05 },
        "parents":     { "x": 0.1, "y": 0.65, "w": 0.8, "h": 0.1 }
      },
      "certification": {
        "signature": { "x": 0.6, "y": 0.8, "w": 0.3, "h": 0.15 },
        "stamp":     { "x": 0.65, "y": 0.75, "w": 0.2, "h": 0.2 }
      }
    },
    "required_fields": [
      "registry_year", "registry_number", "full_name",
      "birth_date", "birth_place", "father_name", "mother_name"
    ]
  }
}
